{"train_loss": [1.059052161489214, 0.9306584303719657, 0.9017994904518127, 0.8866544955117361, 0.8685003260203771, 0.8573035730634417, 0.828002507005419, 0.8121249689374651, 0.8113458343914577, 0.7989621986661638, 0.7989396163395472, 0.7860255483218602, 0.7872710275650024, 0.7733673252378191, 0.7756670257023403, 0.7773940352031162, 0.7758586720057896, 0.7767776264463152, 0.7773889786856515, 0.771222710609436], "train_acc": [61.160714285714285, 65.53571428571429, 67.03571428571429, 66.94642857142857, 67.98214285714286, 68.16071428571429, 69.44642857142857, 70.67857142857143, 70.35714285714286, 71.48214285714286, 71.16071428571429, 71.94642857142857, 72.01785714285714, 72.42857142857143, 72.42857142857143, 72.375, 72.44642857142857, 72.55357142857143, 72.60714285714286, 72.96428571428571], "val_loss": [0.7869638586044312, 0.7886763763427734, 0.9185972237586975, 0.8052632987499238, 0.8540808153152466, 0.8664235687255859, 0.8021569716930389, 0.730297828912735, 0.776904194355011, 0.7881168508529663, 0.8496765875816346, 0.8002497482299805, 0.7456279873847962, 0.8036880671977997, 0.8268080043792725, 0.7280017018318177, 0.7348355877399445, 0.835176922082901, 0.8733704590797424, 0.9111797487735749], "val_acc": [76.4375, 78.25, 74.25, 80.625, 79.6875, 79.9375, 84.5625, 87.6875, 87.4375, 86.375, 85.9375, 87.5, 89.625, 87.4375, 87.4375, 90.625, 90.8125, 85.9375, 85.6875, 84.875]}