{"train_loss": [0.7048419056619917, 0.5644159064974104, 0.5376590708323887, 0.5222546713692802, 0.5141908822740827, 0.4895302070890154, 0.46637904933520724, 0.4507714283466339, 0.4425704857281276, 0.4328834419591086, 0.42800386599131995, 0.42392005443573, 0.41516626358032227, 0.4149361036505018, 0.41217107704707556, 0.41268962485449656, 0.41225452372006005, 0.40897284371512277, 0.40861210482461113], "train_acc": [82.51785714285714, 90.30357142857143, 92.08928571428571, 93.16071428571429, 93.14285714285714, 94.41071428571429, 95.98214285714286, 96.96428571428571, 97.42857142857143, 97.94642857142857, 98.14285714285714, 98.28571428571429, 98.96428571428571, 98.73214285714286, 98.94642857142857, 98.91071428571429, 98.94642857142857, 98.96428571428571, 99.125], "val_loss": [0.6876921999454498, 0.6464654266834259, 0.6389939332008362, 0.6247179913520813, 0.6108575093746186, 0.5829322850704193, 0.5804082834720612, 0.5574996674060821, 0.5547652351856232, 0.5478024888038635, 0.5440804445743561, 0.5306696343421936, 0.5263783133029938, 0.5273183977603912, 0.5322293508052826, 0.5224607980251312, 0.5233175730705262, 0.5243403351306916, 0.5229642331600189], "val_acc": [84.1875, 86.9375, 87.0, 87.875, 88.0, 90.375, 90.5625, 92.0625, 92.5, 92.875, 93.0, 93.6875, 93.8125, 94.0, 93.75, 93.8125, 93.8125, 93.8125, 93.8125]}