{"train_loss": [0.7717156086649214, 0.6427126489366803, 0.6126397797039577, 0.6024384069442749, 0.5824147118840899, 0.570942598751613, 0.5721453469140189, 0.558901332787105, 0.5563866962705339, 0.5478147241047451, 0.5431140892846243, 0.5384770005089896, 0.5345665580885751, 0.5348100791658674, 0.532163530077253, 0.5300192744391305, 0.535395051751818, 0.5320874983923776], "train_acc": [78.26785714285714, 86.69642857142857, 88.39285714285714, 88.39285714285714, 89.16071428571429, 90.01785714285714, 89.42857142857143, 90.58928571428571, 91.07142857142857, 90.98214285714286, 91.60714285714286, 91.83928571428571, 92.41071428571429, 91.92857142857143, 92.33928571428571, 92.33928571428571, 91.94642857142857, 92.07142857142857], "val_loss": [0.7489477634429932, 0.7107082045078278, 0.6873507511615753, 0.666677109003067, 0.6562843585014343, 0.6579884600639343, 0.6616802620887756, 0.6484112393856049, 0.6462222921848297, 0.6416999661922455, 0.65692209482193, 0.6262852120399475, 0.6191485571861267, 0.6293597507476807, 0.6207618236541748, 0.6349596548080444, 0.6329246282577514, 0.6295373582839966], "val_acc": [80.875, 83.25, 83.9375, 86.0, 86.375, 86.5, 86.0, 86.75, 86.9375, 86.625, 86.5, 87.75, 88.4375, 87.9375, 88.4375, 87.625, 87.5625, 87.9375]}