{"train_loss": [1.1057946940830776, 0.9880372469765799, 0.963574572290693, 0.9475311326980591, 0.9394887379237584, 0.9308194753101894, 0.9211841085978917, 0.905485007081713, 0.8939210094724382, 0.9016153359413147, 0.8933292290142604, 0.8846213643891471, 0.8881719384874617, 0.8858953949383327, 0.8828652071952819, 0.8785118321010045], "train_acc": [58.482142857142854, 64.0, 64.0, 64.875, 64.46428571428571, 65.32142857142857, 65.89285714285714, 66.28571428571429, 66.69642857142857, 66.10714285714286, 66.78571428571429, 67.41071428571429, 67.07142857142857, 67.51785714285714, 67.17857142857143, 67.96428571428571], "val_loss": [0.9407617235183716, 0.8249682712554932, 0.9197477889060974, 0.8617795443534851, 0.8877476000785828, 0.812284779548645, 0.9470938003063202, 0.9189897751808167, 0.7907697916030884, 0.9593825447559357, 0.8007898223400116, 0.9016270065307617, 0.8439024591445923, 0.929525512456894, 0.8334906852245331, 0.991178492307663], "val_acc": [70.3125, 76.125, 68.8125, 73.0625, 71.6875, 77.4375, 68.875, 71.0625, 77.9375, 69.1875, 78.625, 72.4375, 76.25, 70.9375, 76.5625, 68.875]}