{"train_loss": [0.7301424264907836, 0.5915557977131435, 0.5650552831377302, 0.5541257694789341, 0.5381404273850577, 0.5215161160060338, 0.48479496342795236, 0.46462153605052403, 0.4555243454660688, 0.4449077640260969, 0.4385964744431632, 0.4255220442158835, 0.417308464050293, 0.4163482403755188, 0.4115977927616664, 0.41284682376044135, 0.4097999778815678, 0.41312691518238615, 0.40854758654321943, 0.41181099534034726], "train_acc": [80.875, 89.03571428571429, 90.30357142857143, 91.03571428571429, 91.625, 92.71428571428571, 95.08928571428571, 95.83928571428571, 96.78571428571429, 97.19642857142857, 97.5, 98.48214285714286, 98.75, 98.48214285714286, 98.92857142857143, 98.80357142857143, 98.85714285714286, 98.69642857142857, 99.08928571428571, 98.83928571428571], "val_loss": [0.8035858726501465, 0.8007541310787201, 0.7003570890426636, 0.7093498587608338, 0.8347030472755432, 0.7927291595935821, 0.7156539487838746, 0.7296446895599366, 0.5909199714660645, 0.6064714825153351, 0.7308664512634278, 0.5745260632038116, 0.7504389917850495, 0.5711757564544677, 0.5475116086006164, 0.5253145122528076, 0.5909715139865875, 0.6675966155529022, 0.53826136469841, 0.5674179720878602], "val_acc": [81.0, 83.625, 84.875, 85.625, 86.375, 88.875, 89.9375, 91.3125, 91.25, 92.25, 92.8125, 92.9375, 92.9375, 93.5, 93.6875, 93.8125, 93.375, 93.5, 93.6875, 93.875]}