{"train_loss": [1.0468820088250297, 0.9247254613467625, 0.8934418320655823, 0.8820653901781355, 0.8769740101269313, 0.846365418434143, 0.8280111496789114, 0.8205639301027571, 0.8064555420194354, 0.7936715963908604, 0.7908654226575579, 0.7836775193895612, 0.7860083719662257, 0.7731489297321864, 0.7753998953955514, 0.7723802382605417, 0.7767629654066903, 0.7742583727836609, 0.7770552907671248], "train_acc": [60.30357142857143, 65.125, 66.28571428571429, 66.83928571428571, 67.08928571428571, 68.5, 69.23214285714286, 70.05357142857143, 70.375, 71.25, 71.73214285714286, 72.33928571428571, 71.89285714285714, 72.625, 71.41071428571429, 71.94642857142857, 72.0, 71.85714285714286, 71.85714285714286], "val_loss": [0.9728927850723267, 1.0207530736923218, 0.9621455347537995, 0.8723195600509643, 0.883124281167984, 0.896222540140152, 0.9779349708557129, 0.8869477725028991, 0.8722051763534546, 0.8724509251117706, 1.0535856199264526, 0.8940865588188172, 0.9063599741458893, 0.7196484506130219, 0.9349944162368774, 0.8532764649391175, 0.8803707110881805, 0.7677090525627136, 0.7510565590858459], "val_acc": [63.5625, 69.875, 69.375, 74.1875, 75.0625, 74.1875, 71.125, 73.4375, 76.6875, 75.6875, 66.375, 75.625, 75.3125, 84.125, 69.9375, 77.1875, 75.5, 82.25, 82.5625]}